"","R2","RMSE","MAE"
"1",0.500121294845963,241306.852863678,167618.351459319
