"","R2","RMSE","MAE"
"1",0.527583544856213,243914.287628439,164297.330099973
